{
    "location": {
        "Accuracy": 16.456,
        "Altitude": 76.9000015258789,
        "Current Time": "2026-02-22 18:55:06",
        "Latitude": 54.9771707,
        "Longitude": 82.7600242
    },
    "telephony": {},
    "timestamp": 1771761306831
},
